{"loss": [0.045320652425289154, 0.0077422913163900375, 0.0060868836008012295, 0.0059109041467309, 0.005627852864563465, 0.005471475888043642, 0.005326116923242807, 0.0052073257975280285, 0.0050908830016851425, 0.0049865650944411755, 0.005021749064326286, 0.004665810614824295, 0.004523064941167831, 0.0049675703048706055, 0.00499924598261714, 0.0040527875535190105, 0.0038166148588061333, 0.0038079554215073586, 0.0036221975460648537, 0.0038084550760686398, 0.0035123361740261316, 0.003301358548924327, 0.003226033179089427, 0.003949400037527084, 0.003493671538308263, 0.003158142324537039, 0.0030272351577878, 0.0029963660053908825, 0.0027995193377137184, 0.0029344093054533005], "val_loss": [0.006359064020216465, 0.01082583237439394, 0.005625689867883921, 0.008714847266674042, 0.004778208211064339, 0.004784288816154003, 0.003985953517258167, 0.006544211879372597, 0.007627956569194794, 0.004188386723399162, 0.0049853273667395115, 0.0032055184710770845, 0.004350816365331411, 0.0031013835687190294, 0.005743061192333698, 0.003528510918840766, 0.00291868532076478, 0.008508462458848953, 0.00906337145715952, 0.008458975702524185, 0.005657498259097338, 0.005163251422345638, 0.0033145686611533165, 0.002334123244509101, 0.002149042207747698, 0.0020710681565105915, 0.0025722712744027376, 0.004025012254714966, 0.003052131738513708, 0.0033156489953398705]}